{
  "script": "bm420_p_311_107_wscan.py",
  "MOD": 420,
  "channels": {
    "cold": 311,
    "hot": 107
  },
  "N": 200000000,
  "W_LIST": [
    400,
    600,
    800,
    1000,
    1200,
    1500,
    2000,
    3000
  ],
  "permutations": 5000,
  "seed": 42,
  "elapsed_s": 72.84175491333008,
  "M_real_420": 0.002263797921069788,
  "W_peak_420": 1500,
  "M_real": 0.002263797921069788,
  "W_peak": 1500,
  "mean_M_perm_420": 0.0025469908347399983,
  "mean_perm_max": 0.0025469908347399983,
  "std_M_perm_420": 0.0024746887595435414,
  "std_perm_max": 0.0024746887595435414,
  "z_scan_420": -0.11443576998444269,
  "p_scan_420": 0.5264,
  "z_scan": -0.11443576998444269,
  "p_scan": 0.5264,
  "vererbung_signifikant_05": false,
  "quantiles_M_perm_420": {
    "0.5": 0.0024394235385238328,
    "0.9": 0.005797434512879053,
    "0.95": 0.006785151789264678,
    "0.975": 0.007690303759708245,
    "0.99": 0.00876235514600717
  }
}