{
  "script": "bm60_p_11_47_wscan.py",
  "N": 200000000,
  "MOD": 60,
  "W_LIST": [
    400,
    600,
    800,
    1000,
    1200,
    1500,
    2000,
    3000
  ],
  "permutations": 5000,
  "seed": 42,
  "elapsed_s": 162.5942018032074,
  "M_real": 0.007949823031872971,
  "W_peak": 800,
  "mean_perm_max": 0.004334233033217665,
  "std_perm_max": 0.000864086458372489,
  "z_scan": 4.1842919347044125,
  "p_scan": 0.0002,
  "quantiles_perm_max": {
    "0.5": 0.004262469456262269,
    "0.9": 0.0054770451618013265,
    "0.95": 0.005849933931485041,
    "0.975": 0.0061834432320149605,
    "0.99": 0.006692216141588207
  }
}