channel,W,count,cluster_prob,random_prob,delta
11,1000,73392,0.5039309997138613,0.535939469394694,-0.032008469680832596
17,1000,73616,0.5074509271208314,0.5364771647716478,-0.029026237650816356
29,1000,73352,0.5079549017736636,0.5341762317623177,-0.026221329988654007
41,1000,73447,0.5057729488331564,0.5349881598815989,-0.02921521104844249
47,1000,73336,0.5089384332174268,0.5324879248792488,-0.023549491661821964
59,1000,73162,0.5052145268654065,0.5342685426854269,-0.02905401582002043
