{
  "script": "bm60_twin_observables.py",
  "N": 50000000,
  "MOD": 60,
  "W_LIST": [
    300,
    400,
    500,
    600,
    700,
    800,
    900,
    1000,
    1200,
    1500,
    2000,
    3000
  ],
  "seed": 42,
  "counts": {
    "11": 39931,
    "17": 39956,
    "29": 39839,
    "41": 39972,
    "47": 39766,
    "59": 39630
  },
  "elapsed_total_s": 83.0144100189209,
  "permutations": 2000,
  "elapsed_perm_s": 82.51581025123596,
  "real_stats": {
    "P_11_47": {
      "observable": "P_11_47",
      "M_real": 0.009859879087175616,
      "W_peak": 800
    },
    "S_seam_positive": {
      "observable": "S_seam_29_59",
      "M_real": 0.00296294330388136,
      "W_peak": 1500
    },
    "S_seam_negative": {
      "observable": "S_seam_29_59",
      "M_min_real": -0.004627660434672498,
      "W_min": 300
    },
    "Edge_59_vs_rest_positive": {
      "observable": "Edge_59_vs_rest",
      "M_real": -0.000221157688284946,
      "W_peak": 2000
    },
    "Edge_59_vs_rest_negative": {
      "observable": "Edge_59_vs_rest",
      "M_min_real": -0.005889536407040773,
      "W_min": 500
    }
  },
  "perm_tests": {
    "P_11_47_max_scan": {
      "real": 0.009859879087175616,
      "mean_perm": 0.006373846865382321,
      "std_perm": 0.0015784372173303226,
      "z": 2.208533974946034,
      "p": 0.02,
      "q50": 0.006253383428171416,
      "q90": 0.00852027048298365,
      "q95": 0.009146636332764463,
      "q975": 0.00969732514191479,
      "q99": 0.010474148324286116
    },
    "S_seam_positive_scan": {
      "real": 0.00296294330388136,
      "mean_perm": 0.0026268780942684737,
      "std_perm": 0.0014738341253449853,
      "z": 0.22802105327437888,
      "p": 0.341,
      "q50": 0.0023924845896550473,
      "q90": 0.004624368187806467,
      "q95": 0.005364278769235009,
      "q975": 0.006128334286044001,
      "q99": 0.006982164643399854
    },
    "S_seam_negative_scan": {
      "real": -0.004627660434672498,
      "mean_perm": -0.0036269549857599337,
      "std_perm": 0.0017996655788220712,
      "z": -0.5560507800385629,
      "p": 0.279,
      "q01": -0.008134273279140819,
      "q025": -0.007485205212254982,
      "q05": -0.0067060110120155895,
      "q10": -0.0060176935675794185,
      "q50": -0.0034577898454683786
    },
    "S_seam_absmax_scan": {
      "real_abs": 0.004627660434672498,
      "mean_perm": 0.004301646490479347,
      "std_perm": 0.0014773519486233912,
      "z": 0.2206745281629968,
      "p": 0.3705,
      "q50": 0.004093620413242266,
      "q90": 0.006289661925315027,
      "q95": 0.00705583201258836,
      "q975": 0.007708807778791118,
      "q99": 0.008247106350388453
    },
    "Edge_59_positive_scan": {
      "real": -0.000221157688284946,
      "mean_perm": 0.0010656997667022777,
      "std_perm": 0.00130923115662299,
      "z": -0.9829108087425319,
      "p": 0.8545,
      "q50": 0.0008682724316325004,
      "q90": 0.002867421128881885,
      "q95": 0.0035062532084183065,
      "q975": 0.0042296135349355665,
      "q99": 0.004775186771387478
    },
    "Edge_59_negative_scan": {
      "real": -0.005889536407040773,
      "mean_perm": -0.0040290803785873784,
      "std_perm": 0.0013625628843210718,
      "z": -1.3654092958655701,
      "p": 0.096,
      "q01": -0.007699192021981424,
      "q025": -0.007045983486330336,
      "q05": -0.006460328078778343,
      "q10": -0.0058552528363653164,
      "q50": -0.003912571073279109
    },
    "Edge_59_absmax_scan": {
      "real_abs": 0.005889536407040773,
      "mean_perm": 0.004112251293035671,
      "std_perm": 0.0013177465885556299,
      "z": 1.3487305749379086,
      "p": 0.098,
      "q50": 0.003991377324932866,
      "q90": 0.00587154270501528,
      "q95": 0.0064667571484954564,
      "q975": 0.0070497330538235505,
      "q99": 0.007728170345053567
    }
  }
}