{
  "script": "bm60_p_11_47_wscan.py",
  "N": 100000000,
  "MOD": 60,
  "W_LIST": [
    400,
    600,
    800,
    1000,
    1200,
    1500,
    2000,
    3000
  ],
  "permutations": 0,
  "seed": 42,
  "elapsed_s": 0.5425050258636475,
  "M_real": 0.00942435361088756,
  "W_peak": 800,
  "mean_perm_max": NaN,
  "std_perm_max": NaN,
  "z_scan": NaN,
  "p_scan": NaN,
  "quantiles_perm_max": null,
  "M_resid_emp": 0.009410620957501867,
  "W_peak_resid_emp": 800,
  "mean_perm_max_resid_emp": NaN,
  "std_perm_max_resid_emp": NaN,
  "z_scan_resid_emp": NaN,
  "p_scan_resid_emp": NaN,
  "quantiles_perm_max_resid_emp": null,
  "twin_mod60": [
    11,
    17,
    29,
    41,
    47,
    59
  ],
  "C2_partial": 0.6601618372035142,
  "two_C2_partial": 1.3203236744070284,
  "C2_prime_upper": 2000000,
  "bateman_horn_pmf_mod60": {
    "11": 0.16666666666666666,
    "17": 0.16666666666666666,
    "29": 0.16666666666666666,
    "41": 0.16666666666666666,
    "47": 0.16666666666666666,
    "59": 0.16666666666666666
  },
  "counts_by_label_mod60": {
    "11": 73392,
    "17": 73616,
    "29": 73352,
    "41": 73447,
    "47": 73336,
    "59": 73162
  },
  "kappa_emp_11_47": {
    "11": 1.0001067441886875,
    "47": 0.9993436367972202
  }
}