{
  "script": "bm60_twin_observables.py",
  "N": 200000000,
  "MOD": 60,
  "W_LIST": [
    300,
    400,
    500,
    600,
    700,
    800,
    900,
    1000,
    1200,
    1500,
    2000,
    3000
  ],
  "seed": 42,
  "counts": {
    "11": 135622,
    "17": 135709,
    "29": 135395,
    "41": 135792,
    "47": 135510,
    "59": 135336
  },
  "elapsed_total_s": 658.499951839447,
  "permutations": 5000,
  "elapsed_perm_s": 656.7109529972076,
  "real_stats": {
    "P_11_47": {
      "observable": "P_11_47",
      "M_real": 0.007949823031872971,
      "W_peak": 800
    },
    "S_seam_positive": {
      "observable": "S_seam_29_59",
      "M_real": 0.0014940386148679652,
      "W_peak": 1500
    },
    "S_seam_negative": {
      "observable": "S_seam_29_59",
      "M_min_real": -0.0017252327481035723,
      "W_min": 400
    },
    "Edge_59_vs_rest_positive": {
      "observable": "Edge_59_vs_rest",
      "M_real": 0.0004872801347443941,
      "W_peak": 3000
    },
    "Edge_59_vs_rest_negative": {
      "observable": "Edge_59_vs_rest",
      "M_min_real": -0.00126399340592033,
      "W_min": 400
    }
  },
  "perm_tests": {
    "P_11_47_max_scan": {
      "real": 0.007949823031872971,
      "mean_perm": 0.004363948826096426,
      "std_perm": 0.0008694404993999986,
      "z": 4.124346873939228,
      "p": 0.0002,
      "q50": 0.004280178325679673,
      "q90": 0.005522478041613356,
      "q95": 0.005931795278817973,
      "q975": 0.006226638700497555,
      "q99": 0.006753941708384338
    },
    "S_seam_positive_scan": {
      "real": 0.0014940386148679652,
      "mean_perm": 0.0016447475987526328,
      "std_perm": 0.0007598132627976329,
      "z": -0.1983500305453435,
      "p": 0.5402,
      "q50": 0.0015601770654897484,
      "q90": 0.0026459303289969017,
      "q95": 0.0030311793310289353,
      "q975": 0.003379361850914053,
      "q99": 0.0038174974704380826
    },
    "S_seam_negative_scan": {
      "real": -0.0017252327481035723,
      "mean_perm": -0.001805025496844562,
      "std_perm": 0.0010595060240763917,
      "z": 0.07531127424268104,
      "p": 0.499,
      "q01": -0.004525885523674626,
      "q025": -0.004026903594634254,
      "q05": -0.003671895730201469,
      "q10": -0.003221388907285988,
      "q50": -0.0017237361449357613
    },
    "S_seam_absmax_scan": {
      "real_abs": 0.0017252327481035723,
      "mean_perm": 0.0023190710915252217,
      "std_perm": 0.0007989654514700186,
      "z": -0.7432591012903558,
      "p": 0.7508,
      "q50": 0.0022150601646081514,
      "q90": 0.003416748668295944,
      "q95": 0.0037652470889249206,
      "q975": 0.004142466539831243,
      "q99": 0.00463634816052669
    },
    "Edge_59_positive_scan": {
      "real": 0.0004872801347443941,
      "mean_perm": 0.0011461540347888547,
      "std_perm": 0.0006732430499084424,
      "z": -0.9786568166341472,
      "p": 0.8534,
      "q50": 0.0010556671887286071,
      "q90": 0.002049215080086704,
      "q95": 0.002411559779730265,
      "q975": 0.0027420631531099183,
      "q99": 0.003077289424292493
    },
    "Edge_59_negative_scan": {
      "real": -0.00126399340592033,
      "mean_perm": -0.0013987614466986356,
      "std_perm": 0.000762781516632026,
      "z": 0.1766797409740057,
      "p": 0.524,
      "q01": -0.0035177396238618777,
      "q025": -0.0030604362281333904,
      "q05": -0.00275771918903669,
      "q10": -0.0024158136355384545,
      "q50": -0.0013142135292885607
    },
    "Edge_59_absmax_scan": {
      "real_abs": 0.00126399340592033,
      "mean_perm": 0.0017669244767558581,
      "std_perm": 0.0006262724113776254,
      "z": -0.8030548076183324,
      "p": 0.7702,
      "q50": 0.0016793170362312043,
      "q90": 0.002610671329140704,
      "q95": 0.0029034465774547534,
      "q975": 0.003259292316560925,
      "q99": 0.0036053731716637343
    }
  }
}