{
  "n_raw": 4767,
  "n_after_min_p": 4765,
  "min_p_start": 60,
  "n_valid_arrow_type": 4765,
  "n_unclassified": 0,
  "tests": [
    {
      "test": "Kruskal-Wallis",
      "groups": "vier Pfeiltypen",
      "n": {
        "11→11": 1137,
        "11→41": 1222,
        "41→11": 1222,
        "41→41": 1184
      },
      "H": 3797.2064875813035,
      "p": 0.0
    },
    {
      "test": "Mann-Whitney",
      "label": "homogen vs. gemischt",
      "n1": 2321,
      "n2": 2444,
      "U": 277.0,
      "p": 0.0,
      "groups_detail": "11→11 & 41→41  vs.  11→41 & 41→11"
    },
    {
      "test": "Mann-Whitney",
      "label": "11→11 vs. 41→41",
      "n1": 1137,
      "n2": 1184,
      "U": 691418.0,
      "p": 0.10248430352870892
    },
    {
      "test": "Mann-Whitney",
      "label": "11→41 vs. 41→11",
      "n1": 1222,
      "n2": 1222,
      "U": 740235.0,
      "p": 0.713407940484299
    }
  ]
}