{
  "method": "mpmath.siegelz + adaptive step/5 + illinois",
  "mpmath_dps": 35,
  "start_t": 5000.0,
  "count": 1000,
  "runtime_s": 606.9,
  "t_min": 5000.234316931328,
  "t_max": 5931.570134864405,
  "gue_varianz": 0.1041915,
  "total": {
    "mean_spacing": 1.0040830703454922,
    "variance": 0.16129034995130714,
    "delta_sigma2": 0.05709884995130714,
    "pressure_pm": 0.018440534653971236
  },
  "blocks": [
    {
      "block": 1,
      "mean": 1.0072968853066995,
      "variance": 0.1697729734825773,
      "delta_sigma2": 0.0655814734825773,
      "pressure_pm": 0.13077709593718348
    },
    {
      "block": 2,
      "mean": 1.0016384363333455,
      "variance": 0.15615119151550289,
      "delta_sigma2": 0.05195969151550288,
      "pressure_pm": -0.05701445157775635
    },
    {
      "block": 3,
      "mean": 1.0082791078322189,
      "variance": 0.16549399870043152,
      "delta_sigma2": 0.061302498700431515,
      "pressure_pm": -0.11974933731160715
    },
    {
      "block": 4,
      "mean": 0.9990979112734161,
      "variance": 0.15365402683788487,
      "delta_sigma2": 0.049462526837884865,
      "pressure_pm": 0.1240702630380851
    }
  ]
}
