bin,center_mean,spread_mean,var_mean,count4,X_mean,Delta_mean,Lambda_mean,theta_mean,countz
0.0,2367.0,6.166666666666667,8.760416666666666,12,5390.910372707553,0.9627525380481474,0.33089343600036525,0.013616553034304394,10142
1.0,16690.714285714286,17.857142857142858,52.589285714285715,7,15072.216049882582,0.9755063959044816,0.3324626707962333,0.009115110112791045,12349
2.0,22865.0,20.333333333333332,61.895833333333336,3,25040.055606129572,0.9792926831794247,0.3327211896850778,0.0040363945737551575,13182
3.0,33285.0,27.5,126.4375,2,35027.48724675703,0.9814429605834342,0.33284573350513225,0.0052814581752068665,13722
4.0,43785.0,34.0,161.0,1,45020.60216652507,0.9829002183911938,0.3329214819525976,0.0061375949429072025,14124
5.0,53340.0,25.0,103.09375,2,55016.123857657156,0.9839814461036492,0.3329732872735781,0.003767001566321026,14444
6.0,66565.0,29.333333333333332,120.47916666666667,3,65013.02909387533,0.9848297347634294,0.3330113535962916,0.002827701798967875,14711
7.0,76395.0,32.666666666666664,166.39583333333334,3,72462.89366639366,0.9853607327003815,0.33303408307623067,0.0036071953114332556,7326
