{
  "method": "mpmath.siegelz + adaptive step + brentq",
  "start_t": 5000.0,
  "count": 150,
  "runtime_s": 31.3,
  "gue_sigma2": 0.10419,
  "n500": {
    "n_zeros": 150,
    "n_spacings": 149,
    "t_min": 5000.234316931328,
    "t_max": 5139.679125649693,
    "mean_spacing": 0.996939152138276,
    "variance": 0.1573922083124441,
    "std_spacing": 0.3967268686545494,
    "delta_sigma2": 0.0532022083124441,
    "spectral_pressure": -4.335492800898905
  },
  "convergence": {
    "50": {
      "variance": 0.1728055108487639,
      "delta_sigma2": 0.06861551084876388,
      "mean_spacing": 0.9922963546170129
    },
    "100": {
      "variance": 0.15554024691421997,
      "delta_sigma2": 0.051350246914219966,
      "mean_spacing": 0.9957380592746502
    }
  },
  "n500_reference": {
    "method": "mpmath.siegelz + adaptive step + brentq",
    "count": 500,
    "runtime_s": 106.6,
    "t_min": 5000.2343,
    "t_max": 5466.4183,
    "mean_spacing": 0.999869,
    "variance": 0.157876,
    "delta_sigma2": 0.053686,
    "spectral_pressure_sum": 16.145954,
    "pressure_pm": 0.032292
  },
  "n1000_bulk": {
    "method": "mpmath.siegelz + adaptive step/5 + illinois",
    "mpmath_dps": 35,
    "count": 1000,
    "runtime_s": 606.9,
    "t_min": 5000.234316931328,
    "t_max": 5931.570134864405,
    "mean_spacing": 1.004083,
    "variance": 0.16129,
    "delta_sigma2": 0.057099,
    "pressure_pm": 0.018441,
    "blocks": [
      {"block": 1, "mean": 1.007297, "variance": 0.169773, "delta_sigma2": 0.065581, "pressure_pm": 0.130777},
      {"block": 2, "mean": 1.001638, "variance": 0.156151, "delta_sigma2": 0.05196, "pressure_pm": -0.057014},
      {"block": 3, "mean": 1.008279, "variance": 0.165494, "delta_sigma2": 0.061302, "pressure_pm": -0.119749},
      {"block": 4, "mean": 0.999098, "variance": 0.153654, "delta_sigma2": 0.049463, "pressure_pm": 0.12407}
    ]
  }
}
