family,M_terms,true_mean,shift_mean,rand_mean,true_median,shift_median,rand_median,true_q95,shift_q95,rand_q95,true_max,shift_max,rand_max
twin_k1,2160,0.877799615862164,0.8800969868627893,0.8774704465204705,0.8253189771795083,0.8282289835171484,0.8231442130578914,1.7118827239852352,1.717054330348553,1.7186485201222215,3.2795111135977844,3.512676525201139,3.4417766978808353
four_k2,52,0.8870895420947188,0.8881863602351584,0.8879035371715538,0.8367840011023323,0.8359490044533826,0.8365507229928231,1.720916753886866,1.7269687990505602,1.7265148622934834,3.287681230841748,3.3623974424883865,3.268911164420902
four_k4,52,0.8875304940491874,0.888057145257593,0.8884824469236232,0.8354950487603712,0.8342500179700765,0.8379796260865179,1.7205811849716521,1.724890126556149,1.7227564214680495,3.340591361373312,3.3508656841630606,3.340068990349142
four_prod,52,0.8858089482149298,0.8871552092685583,0.8855177508433312,0.8340359442530447,0.8367169377568884,0.8337262193771321,1.7213382316608499,1.7275141477586906,1.7267336035658398,3.6142581095707724,3.291324743196757,3.144240681417747
