term,coef
intercept,-2.0969344057155132e-12
omega,-0.7499999999999999
Omega,-0.34999999999999987
tau,0.020000000000000163
logM,1.00000000000018
