model,rmse,compression_vs_base
mean_baseline,1.0524013333782198,0.0
E_mult,2.934165835180805e-15,0.9999999999999972
E_mult_plus_E_sieve,1.3039642827911265e-14,0.9999999999999876
