A,B,width,n,primes,auc_S,r2_struct,auc_resid_raw,auc_resid_oriented
1000000,1000300,300,301,24,1.0,1.0,0.8005415162454873,0.8005415162454873
10000000,10000300,300,301,14,1.0,1.0,0.2346938775510204,0.7653061224489797
100000000,100000300,300,301,17,1.0,1.0,0.22183098591549294,0.778169014084507
1000000,1003000,3000,3001,233,1.0,1.0,0.6477601156069364,0.6477601156069364
10000000,10003000,3000,3001,187,1.0,1.0,0.0,1.0
100000000,100003000,3000,3001,167,0.9996471418489767,1.0,0.26764290755116443,0.7323570924488356
1000000,1010000,10000,10001,753,1.0,1.0,0.30147058823529416,0.6985294117647058
10000000,10010000,10000,10001,614,1.0,1.0,0.0,1.0
100000000,100010000,10000,10001,551,0.9996825396825397,1.0,0.963915343915344,0.963915343915344
