target,nearest_zero_index_1based,nearest_zero,difference
57.0,12,56.446247697,-0.5537523030000031
59.0,13,59.347044003,0.3470440030000006
61.0,14,60.831778525,-0.16822147500000284
