sigma,corr,rmse,mae
0.25,0.6825715453344208,1.4086478751106035,1.36364407829219
0.5,0.8705071493128712,1.7026481955354107,1.6921375316947185
0.75,0.9338869495627465,3.3015627765929363,3.0463020139475985
1.0,0.9507293976089327,6.7325790927146665,5.73260913889968
1.5,0.9766620730888512,16.79382460828045,14.026722560924545
2.0,0.9812274691641695,27.28264313231754,23.388509053372733
