{
  "radius": 1.0,
  "vertices": [
    [
      -0.5257311121191336,
      0.85065080835204,
      0.0
    ],
    [
      0.5257311121191336,
      0.85065080835204,
      0.0
    ],
    [
      -0.5257311121191336,
      -0.85065080835204,
      0.0
    ],
    [
      0.5257311121191336,
      -0.85065080835204,
      0.0
    ],
    [
      0.0,
      -0.5257311121191336,
      0.85065080835204
    ],
    [
      0.0,
      0.5257311121191336,
      0.85065080835204
    ],
    [
      0.0,
      -0.5257311121191336,
      -0.85065080835204
    ],
    [
      0.0,
      0.5257311121191336,
      -0.85065080835204
    ],
    [
      0.85065080835204,
      0.0,
      -0.5257311121191336
    ],
    [
      0.85065080835204,
      0.0,
      0.5257311121191336
    ],
    [
      -0.85065080835204,
      0.0,
      -0.5257311121191336
    ],
    [
      -0.85065080835204,
      0.0,
      0.5257311121191336
    ],
    [
      -0.8090169943749475,
      0.5000000000000001,
      0.30901699437494745
    ],
    [
      -0.5,
      0.3090169943749474,
      0.8090169943749473
    ],
    [
      -0.3090169943749474,
      0.8090169943749473,
      0.5
    ],
    [
      0.3090169943749474,
      0.8090169943749473,
      0.5
    ],
    [
      0.0,
      1.0,
      0.0
    ],
    [
      0.3090169943749474,
      0.8090169943749473,
      -0.5
    ],
    [
      -0.3090169943749474,
      0.8090169943749473,
      -0.5
    ],
    [
      -0.5,
      0.3090169943749474,
      -0.8090169943749473
    ],
    [
      -0.8090169943749475,
      0.5000000000000001,
      -0.30901699437494745
    ],
    [
      -1.0,
      0.0,
      0.0
    ],
    [
      0.5,
      0.3090169943749474,
      0.8090169943749473
    ],
    [
      0.8090169943749475,
      0.5000000000000001,
      0.30901699437494745
    ],
    [
      -0.5,
      -0.3090169943749474,
      0.8090169943749473
    ],
    [
      0.0,
      0.0,
      1.0
    ],
    [
      -0.8090169943749475,
      -0.5000000000000001,
      -0.30901699437494745
    ],
    [
      -0.8090169943749475,
      -0.5000000000000001,
      0.30901699437494745
    ],
    [
      0.0,
      0.0,
      -1.0
    ],
    [
      -0.5,
      -0.3090169943749474,
      -0.8090169943749473
    ],
    [
      0.8090169943749475,
      0.5000000000000001,
      -0.30901699437494745
    ],
    [
      0.5,
      0.3090169943749474,
      -0.8090169943749473
    ],
    [
      0.8090169943749475,
      -0.5000000000000001,
      0.30901699437494745
    ],
    [
      0.5,
      -0.3090169943749474,
      0.8090169943749473
    ],
    [
      0.3090169943749474,
      -0.8090169943749473,
      0.5
    ],
    [
      -0.3090169943749474,
      -0.8090169943749473,
      0.5
    ],
    [
      0.0,
      -1.0,
      0.0
    ],
    [
      -0.3090169943749474,
      -0.8090169943749473,
      -0.5
    ],
    [
      0.3090169943749474,
      -0.8090169943749473,
      -0.5
    ],
    [
      0.5,
      -0.3090169943749474,
      -0.8090169943749473
    ],
    [
      0.8090169943749475,
      -0.5000000000000001,
      -0.30901699437494745
    ],
    [
      1.0,
      0.0,
      0.0
    ]
  ],
  "faces": [
    [
      0,
      12,
      14
    ],
    [
      12,
      11,
      13
    ],
    [
      14,
      13,
      5
    ],
    [
      12,
      13,
      14
    ],
    [
      0,
      14,
      16
    ],
    [
      14,
      5,
      15
    ],
    [
      16,
      15,
      1
    ],
    [
      14,
      15,
      16
    ],
    [
      0,
      16,
      18
    ],
    [
      16,
      1,
      17
    ],
    [
      18,
      17,
      7
    ],
    [
      16,
      17,
      18
    ],
    [
      0,
      18,
      20
    ],
    [
      18,
      7,
      19
    ],
    [
      20,
      19,
      10
    ],
    [
      18,
      19,
      20
    ],
    [
      0,
      20,
      12
    ],
    [
      20,
      10,
      21
    ],
    [
      12,
      21,
      11
    ],
    [
      20,
      21,
      12
    ],
    [
      1,
      15,
      23
    ],
    [
      15,
      5,
      22
    ],
    [
      23,
      22,
      9
    ],
    [
      15,
      22,
      23
    ],
    [
      5,
      13,
      25
    ],
    [
      13,
      11,
      24
    ],
    [
      25,
      24,
      4
    ],
    [
      13,
      24,
      25
    ],
    [
      11,
      21,
      27
    ],
    [
      21,
      10,
      26
    ],
    [
      27,
      26,
      2
    ],
    [
      21,
      26,
      27
    ],
    [
      10,
      19,
      29
    ],
    [
      19,
      7,
      28
    ],
    [
      29,
      28,
      6
    ],
    [
      19,
      28,
      29
    ],
    [
      7,
      17,
      31
    ],
    [
      17,
      1,
      30
    ],
    [
      31,
      30,
      8
    ],
    [
      17,
      30,
      31
    ],
    [
      3,
      32,
      34
    ],
    [
      32,
      9,
      33
    ],
    [
      34,
      33,
      4
    ],
    [
      32,
      33,
      34
    ],
    [
      3,
      34,
      36
    ],
    [
      34,
      4,
      35
    ],
    [
      36,
      35,
      2
    ],
    [
      34,
      35,
      36
    ],
    [
      3,
      36,
      38
    ],
    [
      36,
      2,
      37
    ],
    [
      38,
      37,
      6
    ],
    [
      36,
      37,
      38
    ],
    [
      3,
      38,
      40
    ],
    [
      38,
      6,
      39
    ],
    [
      40,
      39,
      8
    ],
    [
      38,
      39,
      40
    ],
    [
      3,
      40,
      32
    ],
    [
      40,
      8,
      41
    ],
    [
      32,
      41,
      9
    ],
    [
      40,
      41,
      32
    ],
    [
      4,
      33,
      25
    ],
    [
      33,
      9,
      22
    ],
    [
      25,
      22,
      5
    ],
    [
      33,
      22,
      25
    ],
    [
      2,
      35,
      27
    ],
    [
      35,
      4,
      24
    ],
    [
      27,
      24,
      11
    ],
    [
      35,
      24,
      27
    ],
    [
      6,
      37,
      29
    ],
    [
      37,
      2,
      26
    ],
    [
      29,
      26,
      10
    ],
    [
      37,
      26,
      29
    ],
    [
      8,
      39,
      31
    ],
    [
      39,
      6,
      28
    ],
    [
      31,
      28,
      7
    ],
    [
      39,
      28,
      31
    ],
    [
      9,
      41,
      23
    ],
    [
      41,
      8,
      30
    ],
    [
      23,
      30,
      1
    ],
    [
      41,
      30,
      23
    ]
  ],