{
  "AlfaFit": {
    "ridge": 1e-06,
    "k": 40,
    "mass_kg": 9.1093837139e-31,
    "flux_pq": [
      6,
      2
    ],
    "Nphi": 3.0,
    "R_m": 2.817940320458875e-15,
    "A_sphere_m2": 9.978688057565252e-29,
    "Phi0_Wb": 4.135667696923859e-15,
    "B_T": 124335012971623.27,
    "omega_c_rad_s": 2.1868290855642897e+25,
    "landau_spacing_J": 2.3061683236450153e-09,
    "landau_spacing_eV": 14393970519.264328,
    "model_spacing_median_J": 2.2249336521761043e+33,
    "model_spacing_median_over_landau": 9.647750467144933e+41,
    "En_J": [
      1.1530841618225076e-09,
      3.4592524854675227e-09,
      5.7654208091125384e-09,
      8.071589132757554e-09,
      1.0377757456402568e-08,
      1.2683925780047584e-08,
      1.49900941036926e-08,
      1.7296262427337614e-08,
      1.960243075098263e-08,
      2.1908599074627645e-08,
      2.421476739827266e-08
    ],
    "En_eV": [
      7196985259.632164,
      21590955778.896492,
      35984926298.16082,
      50378896817.425156,
      64772867336.689476,
      79166837855.95381,
      93560808375.21814,
      107954778894.48245,
      122348749413.7468,
      136742719933.01112,
      151136690452.27545
    ],
    "note": "Planare Landau-Formeln; auf der Kugel (Haldane) gibt es Kr\u00fcmmung/Monopol-Korrekturen."
  },
  "PlanckFit": {
    "ridge": 1e-06,
    "k": 40,
    "mass_kg": 9.1093837139e-31,
    "flux_pq": [
      6,
      2
    ],
    "Nphi": 3.0,
    "R_m": 1.616255e-35,
    "A_sphere_m2": 3.282688145622573e-69,
    "Phi0_Wb": 4.135667696923859e-15,
    "B_T": 3.779525358604707e+54,
    "omega_c_rad_s": 6.647504822885988e+65,
    "landau_spacing_J": 7.010271243882468e+31,
    "landau_spacing_eV": 4.375467158312377e+50,
    "model_spacing_median_J": 3.5844837321235063e+134,
    "model_spacing_median_over_landau": 5.113188359511075e+102,
    "En_J": [
      3.505135621941234e+31,
      1.0515406865823702e+32,
      1.752567810970617e+32,
      2.4535949353588638e+32,
      3.1546220597471106e+32,
      3.8556491841353574e+32,
      4.556676308523604e+32,
      5.257703432911851e+32,
      5.958730557300098e+32,
      6.659757681688345e+32,
      7.360784806076591e+32
    ],
    "En_eV": [
      2.1877335791561884e+50,
      6.563200737468564e+50,
      1.0938667895780941e+51,
      1.5314135054093318e+51,
      1.9689602212405693e+51,
      2.4065069370718072e+51,
      2.8440536529030447e+51,
      3.281600368734282e+51,
      3.71914708456552e+51,
      4.156693800396758e+51,
      4.594240516227995e+51
    ],
    "note": "Planare Landau-Formeln; auf der Kugel (Haldane) gibt es Kr\u00fcmmung/Monopol-Korrekturen."
  },
  "AlfaFit_Random": {
    "ridge": 1e-06,
    "k": 40,
    "mass_kg": 9.1093837139e-31,
    "flux_pq": [
      6,
      2
    ],
    "Nphi": 3.0,
    "R_m": 2.817940320458875e-15,
    "A_sphere_m2": 9.978688057565252e-29,
    "Phi0_Wb": 4.135667696923859e-15,
    "B_T": 124335012971623.27,
    "omega_c_rad_s": 2.1868290855642897e+25,
    "landau_spacing_J": 2.3061683236450153e-09,
    "landau_spacing_eV": 14393970519.264328,
    "model_spacing_median_J": 6.943889394516202e+33,
    "model_spacing_median_over_landau": 3.011007185954681e+42,
    "En_J": [
      1.1530841618225076e-09,
      3.4592524854675227e-09,
      5.7654208091125384e-09,
      8.071589132757554e-09,
      1.0377757456402568e-08,
      1.2683925780047584e-08,
      1.49900941036926e-08,
      1.7296262427337614e-08,
      1.960243075098263e-08,
      2.1908599074627645e-08,
      2.421476739827266e-08
    ],
    "En_eV": [
      7196985259.632164,
      21590955778.896492,
      35984926298.16082,
      50378896817.425156,
      64772867336.689476,
      79166837855.95381,
      93560808375.21814,
      107954778894.48245,
      122348749413.7468,
      136742719933.01112,
      151136690452.27545
    ],
    "note": "Planare Landau-Formeln; auf der Kugel (Haldane) gibt es Kr\u00fcmmung/Monopol-Korrekturen."
  },
  "PlanckFit_Random": {
    "ridge": 1e-06,
    "k": 40,
    "mass_kg": 9.1093837139e-31,
    "flux_pq": [
      6,
      2
    ],
    "Nphi": 3.0,
    "R_m": 1.616255e-35,
    "A_sphere_m2": 3.282688145622573e-69,
    "Phi0_Wb": 4.135667696923859e-15,
    "B_T": 3.779525358604707e+54,
    "omega_c_rad_s": 6.647504822885988e+65,
    "landau_spacing_J": 7.010271243882468e+31,
    "landau_spacing_eV": 4.375467158312377e+50,
    "model_spacing_median_J": 4.822741238818782e+134,
    "model_spacing_median_over_landau": 6.879535856800634e+102,
    "En_J": [
      3.505135621941234e+31,
      1.0515406865823702e+32,
      1.752567810970617e+32,
      2.4535949353588638e+32,
      3.1546220597471106e+32,
      3.8556491841353574e+32,
      4.556676308523604e+32,
      5.257703432911851e+32,
      5.958730557300098e+32,
      6.659757681688345e+32,
      7.360784806076591e+32
    ],
    "En_eV": [
      2.1877335791561884e+50,
      6.563200737468564e+50,
      1.0938667895780941e+51,
      1.5314135054093318e+51,
      1.9689602212405693e+51,
      2.4065069370718072e+51,
      2.8440536529030447e+51,
      3.281600368734282e+51,
      3.71914708456552e+51,
      4.156693800396758e+51,
      4.594240516227995e+51
    ],
    "note": "Planare Landau-Formeln; auf der Kugel (Haldane) gibt es Kr\u00fcmmung/Monopol-Korrekturen."
  }
}