Gene	Start	End	Length	A	T	C	G	GC	Entropy	QsumReal	QsumImag	QsumAbs	MeanAbs_w3	Energy_w3	MeanAbs_w4	Energy_w4	MeanAbs_w12	Energy_w12	TranslationMatchesAnnotation
ORF6	1	186	186	68	66	26	26	0.27957	1.854748	2.0	0.0	2.0	1.568675	544.0	1.715792	706.0	2.906635	1844.0	False
ORF7a	193	558	366	108	120	76	62	0.377049	1.951882	-12.0	14.0	18.439089	1.703163	1232.0	1.945388	1710.0	3.428196	5306.0	False
