ResidueClass	Real	Imag	Abs
0	0.0	2.0	2.0
1	4.0	-5.0	6.403124
2	-4.0	9.0	9.848858
3	-8.0	-1.0	8.062258
4	2.0	-5.0	5.385165
5	-3.0	0.0	3.0
6	-4.0	3.0	5.0
7	1.0	-1.0	1.414214
8	1.0	5.0	5.09902
9	3.0	-3.0	4.242641
10	9.0	5.0	10.29563
11	-8.0	6.0	10.0
