FrequencyIndex	Magnitude
0	16.552945
1	25.603133
2	4.276352
3	35.44009
4	45.608139
5	8.97104
6	27.45906
7	8.902464
8	23.577482
9	14.56022
10	8.585617
11	14.991535
